{
  ".py": 3,
  "2025-03-09": {
    ".html": 126.82500000000003,
    ".py": 145.90099999999998
  }
}