{
  ".py": 3,
  "2025-03-09": {
    ".html": 190.45899999999986,
    ".py": 177.1869999999999
  }
}